<application>
  <component name="DefaultFont">
    <option name="VERSION" value="1" />
    <option name="FONT_SIZE" value="17" />
    <option name="FONT_SIZE_2D" value="17.0" />
    <option name="FONT_FAMILY" value="JetBrainsMono Nerd Font" />
    <option name="FONT_REGULAR_SUB_FAMILY" value="Medium" />
    <option name="FONT_BOLD_SUB_FAMILY" value="ExtraBold" />
    <option name="USE_LIGATURES" value="true" />
    <option name="SECONDARY_FONT_FAMILY" value="Fira Code" />
  </component>
</application>