<application>
  <component name="GeneralSettings">
    <option name="showTipsOnStartup" value="false" />
    <option name="autoSaveFiles" value="false" />
    <option name="confirmOpenNewProject2" value="0" />
    <option name="processCloseConfirmation" value="TERMINATE" />
  </component>
  <component name="Registry">
    <entry key="ide.balloon.shadow.size" value="0" />
    <entry key="ide.windowSystem.autoShowProcessPopup" value="true" />
    <entry key="ide.experimental.ui" value="true" />
    <entry key="debugger.new.tool.window.layout" value="true" />
  </component>
  <component name="StatusBar">
    <option name="widgets">
      <map>
        <entry key="CodeiumWidget" value="false" />
        <entry key="CodiumAI" value="false" />
        <entry key="Encoding" value="false" />
        <entry key="FlowJSInfo" value="false" />
        <entry key="LineSeparator" value="false" />
        <entry key="Memory" value="true" />
        <entry key="Notifications" value="false" />
        <entry key="Position" value="false" />
        <entry key="ReadOnlyAttribute" value="false" />
        <entry key="VFS_REFRESH" value="true" />
        <entry key="com.intellij.psi.codeStyle.statusbar.CodeStyleStatusBarWidget" value="false" />
        <entry key="mtProjectFactory" value="false" />
        <entry key="mtThemeFactory" value="false" />
      </map>
    </option>
  </component>
</application>