<application>
  <component name="UISettings">
    <option name="FULL_PATHS_IN_TITLE_BAR" value="true" />
    <option name="HIDE_KNOWN_EXTENSION_IN_TABS" value="true" />
    <option name="MARK_MODIFIED_TABS_WITH_ASTERISK" value="true" />
    <option name="OVERRIDE_NONIDEA_LAF_FONTS" value="true" />
    <option name="SCROLL_TAB_LAYOUT_IN_EDITOR" value="false" />
    <option name="SHOW_NAVIGATION_BAR" value="false" />
    <option name="SHOW_PINNED_TABS_IN_A_SEPARATE_ROW" value="true" />
    <option name="showTreeIndentGuides" value="true" />
    <option name="CONTRAST_SCROLLBARS" value="true" />
    <option name="USE_SMALL_LABELS_ON_TABS" value="true" />
  </component>
</application>