<application>
  <component name="UISettings">
    <option name="FULL_PATHS_IN_TITLE_BAR" value="true" />
    <option name="MARK_MODIFIED_TABS_WITH_ASTERISK" value="true" />
    <option name="OVERRIDE_NONIDEA_LAF_FONTS" value="true" />
    <option name="SCROLL_TAB_LAYOUT_IN_EDITOR" value="false" />
    <option name="SHOW_PINNED_TABS_IN_A_SEPARATE_ROW" value="true" />
    <option name="showTreeIndentGuides" value="true" />
    <option name="smoothScrolling" value="false" />
    <option name="UI_DENSITY" value="COMPACT" />
  </component>
</application>