<application>
  <component name="UpdatesConfigurable">
    <ignoredBuildNumbers>
      <item value="231.9225.18" />
      <item value="231.9161.29" />
    </ignoredBuildNumbers>
    <option name="LAST_BUILD_CHECKED" value="WS-231.9011.35" />
    <option name="LAST_TIME_CHECKED" value="1706770244627" />
    <option name="SHOW_WHATS_NEW_EDITOR" value="false" />
    <option name="THIRD_PARTY_PLUGINS_ALLOWED" value="true" />
    <option name="WHATS_NEW_SHOWN_FOR" value="231" />
  </component>
</application>