<keymap version="1" name="VSCode Main" parent="VSCode">
  <action id="AceLineAction" />
  <action id="ActivateCodeiumChatToolWindow">
    <keyboard-shortcut first-keystroke="shift ctrl n" />
  </action>
  <action id="EditorScrollToCenter" />
  <action id="NextTab">
    <keyboard-shortcut first-keystroke="ctrl page_down" />
    <keyboard-shortcut first-keystroke="ctrl m" />
  </action>
  <action id="ShowNavBar">
    <keyboard-shortcut first-keystroke="shift alt semicolon" />
  </action>
  <action id="Vcs.ShowMessageHistory" />
  <action id="org.igu.plugins.consolelog.DisplayLogMessageAction">
    <keyboard-shortcut first-keystroke="alt l" />
    <keyboard-shortcut first-keystroke="shift ctrl alt equals" />
  </action>
</keymap>